ts_unix_ms,ok,status_code,latency_ms,error
1779547133033,0,0,2002.937,TimeoutError
1779547133034,0,0,2003.196,TimeoutError
1779547133035,0,0,2003.265,TimeoutError
1779547133035,0,0,2001.810,TimeoutError
1779547133037,0,0,2001.755,TimeoutError
1779547133037,0,0,2002.401,TimeoutError
1779547133038,0,0,2003.576,TimeoutError
1779547133038,0,0,2004.187,TimeoutError
1779547133038,0,0,2000.951,TimeoutError
1779547133039,0,0,2002.053,TimeoutError
1779547133040,1,200,6.020,
1779547133041,0,0,2002.610,TimeoutError
1779547133042,1,200,4.279,
1779547133042,0,0,2003.461,TimeoutError
1779547133043,0,0,2004.101,TimeoutError
1779547133043,0,0,2003.165,TimeoutError
1779547133043,0,0,2002.644,TimeoutError
1779547133044,0,0,2006.396,TimeoutError
1779547133045,1,200,3.501,
1779547133046,1,200,4.526,
1779547135035,0,0,2001.949,TimeoutError
1779547135037,0,0,2002.866,TimeoutError
1779547135038,0,0,2002.831,TimeoutError
1779547135040,0,0,2003.195,TimeoutError
1779547135041,0,0,2002.638,TimeoutError
1779547135041,0,0,2002.391,TimeoutError
1779547135042,0,0,2003.457,TimeoutError
1779547135043,0,0,2005.602,TimeoutError
1779547135043,0,0,2002.930,TimeoutError
1779547135045,0,0,2002.521,TimeoutError
1779547135046,0,0,2003.095,TimeoutError
1779547135047,0,0,2004.580,TimeoutError
1779547135047,0,0,2001.668,TimeoutError
1779547135048,0,0,2004.872,TimeoutError
1779547135048,0,0,2002.681,TimeoutError
1779547135049,0,0,2005.104,TimeoutError
1779547137038,0,0,2002.658,TimeoutError
1779547137039,0,0,2001.050,TimeoutError
1779547137039,0,0,2001.850,TimeoutError
1779547137042,0,0,2002.471,TimeoutError
1779547137043,0,0,2002.474,TimeoutError
1779547137044,0,0,2003.031,TimeoutError
1779547137044,0,0,2001.442,TimeoutError
1779547137045,0,0,2001.425,TimeoutError
1779547137045,0,0,2002.471,TimeoutError
1779547137046,0,0,2000.942,TimeoutError
1779547137048,0,0,2001.804,TimeoutError
1779547137051,0,0,2003.186,TimeoutError
1779547137051,0,0,2003.162,TimeoutError
1779547137051,0,0,2003.134,TimeoutError
1779547137052,0,0,2004.732,TimeoutError
1779547137052,0,0,2003.233,TimeoutError
1779547139042,0,0,2002.803,TimeoutError
1779547139043,0,0,2003.159,TimeoutError
1779547139043,0,0,2004.680,TimeoutError
1779547139045,0,0,2002.455,TimeoutError
1779547139046,0,0,2002.659,TimeoutError
1779547139047,0,0,2003.309,TimeoutError
1779547139047,0,0,2002.835,TimeoutError
1779547139048,0,0,2002.912,TimeoutError
1779547139048,0,0,2002.879,TimeoutError
1779547139049,0,0,2002.398,TimeoutError
1779547139050,1,200,2.879,
1779547139050,0,0,2002.070,TimeoutError
1779547139055,0,0,2002.307,TimeoutError
1779547139055,0,0,2003.073,TimeoutError
1779547139055,0,0,2004.520,TimeoutError
1779547139056,0,0,2004.737,TimeoutError
1779547139056,0,0,2004.764,TimeoutError
1779547141045,0,0,2003.341,TimeoutError
1779547141046,0,0,2003.150,TimeoutError
1779547141046,0,0,2003.071,TimeoutError
1779547141047,0,0,2002.455,TimeoutError
1779547141050,0,0,2003.091,TimeoutError
1779547141050,0,0,2002.728,TimeoutError
1779547141050,0,0,2000.634,TimeoutError
1779547141051,0,0,2001.876,TimeoutError
1779547141051,0,0,2003.449,TimeoutError
1779547141052,0,0,2003.587,TimeoutError
1779547141053,0,0,2002.341,TimeoutError
1779547141057,0,0,2002.931,TimeoutError
1779547141058,0,0,2003.007,TimeoutError
1779547141058,0,0,2003.024,TimeoutError
1779547141058,0,0,2002.777,TimeoutError
1779547141059,0,0,2002.673,TimeoutError
1779547143047,0,0,2001.599,TimeoutError
1779547143048,0,0,2000.707,TimeoutError
1779547143049,0,0,2003.254,TimeoutError
1779547143049,0,0,2002.761,TimeoutError
1779547143052,0,0,2002.767,TimeoutError
1779547143053,0,0,2003.145,TimeoutError
1779547143053,0,0,2003.009,TimeoutError
1779547143054,0,0,2003.184,TimeoutError
1779547143055,0,0,2003.414,TimeoutError
1779547143055,0,0,2003.362,TimeoutError
1779547143055,0,0,2002.562,TimeoutError
1779547143058,1,200,3.046,
1779547143059,0,0,2000.997,TimeoutError
1779547143059,0,0,2001.169,TimeoutError
1779547143061,0,0,2002.454,TimeoutError
1779547143061,0,0,2003.034,TimeoutError
1779547143062,0,0,2002.829,TimeoutError
1779547145049,0,0,2001.192,TimeoutError
1779547145050,0,0,2001.538,TimeoutError
1779547145050,0,0,2001.400,TimeoutError
1779547145051,0,0,2002.829,TimeoutError
1779547145056,0,0,2000.985,TimeoutError
1779547145056,0,0,2003.722,TimeoutError
1779547145057,0,0,2003.492,TimeoutError
1779547145057,0,0,2003.541,TimeoutError
1779547145058,0,0,2003.846,TimeoutError
1779547145058,0,0,2002.853,TimeoutError
1779547145061,0,0,2002.594,TimeoutError
1779547145061,0,0,2002.556,TimeoutError
1779547145062,0,0,2002.443,TimeoutError
1779547145062,0,0,2001.018,TimeoutError
1779547145063,0,0,2001.249,TimeoutError
1779547145064,0,0,2002.475,TimeoutError
1779547147051,0,0,2001.518,TimeoutError
1779547147052,0,0,2003.058,TimeoutError
1779547147053,0,0,2002.490,TimeoutError
1779547147054,0,0,2002.432,TimeoutError
1779547147057,1,200,3.044,
1779547147058,0,0,2002.562,TimeoutError
1779547147059,0,0,2001.533,TimeoutError
1779547147059,0,0,2002.849,TimeoutError
1779547147060,1,200,2.892,
1779547147060,0,0,2001.818,TimeoutError
1779547147061,0,0,2004.337,TimeoutError
1779547147062,0,0,2003.534,TimeoutError
1779547147062,0,0,2000.743,TimeoutError
1779547147063,0,0,2001.531,TimeoutError
1779547147064,1,200,4.820,
1779547147065,0,0,2003.887,TimeoutError
1779547147065,0,0,2003.005,TimeoutError
1779547147066,0,0,2002.995,TimeoutError
1779547147066,0,0,2002.073,TimeoutError
1779547147067,1,200,2.573,
1779547149053,0,0,2001.274,TimeoutError
1779547149054,0,0,2002.358,TimeoutError
1779547149054,0,0,2001.440,TimeoutError
1779547149061,0,0,2002.958,TimeoutError
1779547149062,0,0,2002.880,TimeoutError
1779547149062,0,0,2000.856,TimeoutError
1779547149063,0,0,2003.498,TimeoutError
1779547149064,0,0,2003.959,TimeoutError
1779547149065,0,0,2003.708,TimeoutError
1779547149065,0,0,2002.804,TimeoutError
1779547149066,0,0,2003.201,TimeoutError
1779547149066,0,0,2002.412,TimeoutError
1779547149068,0,0,2002.992,TimeoutError
1779547149068,0,0,2002.029,TimeoutError
1779547149069,0,0,2003.182,TimeoutError
1779547149070,0,0,2002.505,TimeoutError
1779547151057,0,0,2002.704,TimeoutError
1779547151057,0,0,2003.634,TimeoutError
1779547151058,0,0,2002.990,TimeoutError
1779547151062,0,0,2000.706,TimeoutError
1779547151064,0,0,2002.514,TimeoutError
1779547151064,0,0,2001.551,TimeoutError
1779547151066,0,0,2002.364,TimeoutError
1779547151068,0,0,2003.593,TimeoutError
1779547151068,0,0,2003.539,TimeoutError
1779547151069,0,0,2002.085,TimeoutError
1779547151069,0,0,2003.454,TimeoutError
1779547151069,0,0,2003.207,TimeoutError
1779547151070,0,0,2001.832,TimeoutError
1779547151071,0,0,2001.805,TimeoutError
1779547151071,0,0,2003.116,TimeoutError
1779547151072,0,0,2002.411,TimeoutError
1779547153060,0,0,2003.454,TimeoutError
1779547153061,0,0,2002.977,TimeoutError
1779547153061,0,0,2003.940,TimeoutError
1779547153065,0,0,2001.071,TimeoutError
1779547153065,0,0,2002.821,TimeoutError
1779547153066,0,0,2002.395,TimeoutError
1779547153068,1,200,3.290,
1779547153069,0,0,2002.717,TimeoutError
1779547153070,0,0,2001.605,TimeoutError
1779547153071,0,0,2001.406,TimeoutError
1779547153071,0,0,2003.218,TimeoutError
1779547153072,0,0,2002.930,TimeoutError
1779547153072,0,0,2001.171,TimeoutError
1779547153073,0,0,2004.150,TimeoutError
1779547153073,0,0,2002.604,TimeoutError
1779547153074,0,0,2002.500,TimeoutError
1779547153074,0,0,2001.808,TimeoutError
1779547155064,0,0,2003.040,TimeoutError
1779547155064,0,0,2004.211,TimeoutError
1779547155065,0,0,2003.783,TimeoutError
1779547155066,0,0,2001.124,TimeoutError
1779547155069,1,200,2.665,
1779547155069,0,0,2002.940,TimeoutError
1779547155071,0,0,2002.065,TimeoutError
1779547155071,0,0,2002.825,TimeoutError
1779547155073,0,0,2001.567,TimeoutError
1779547155074,0,0,2003.103,TimeoutError
1779547155074,0,0,2003.116,TimeoutError
1779547155074,0,0,2001.872,TimeoutError
1779547155075,0,0,2003.054,TimeoutError
1779547155075,0,0,2004.046,TimeoutError
1779547155076,0,0,2002.555,TimeoutError
1779547155077,0,0,2002.568,TimeoutError
1779547155077,0,0,2003.166,TimeoutError
1779547157067,0,0,2002.218,TimeoutError
1779547157067,0,0,2003.566,TimeoutError
1779547157068,0,0,2002.756,TimeoutError
1779547157071,0,0,2001.054,TimeoutError
1779547157071,0,0,2001.663,TimeoutError
1779547157072,0,0,2000.707,TimeoutError
1779547157073,0,0,2002.461,TimeoutError
1779547157075,0,0,2001.389,TimeoutError
1779547157076,0,0,2002.522,TimeoutError
1779547157077,0,0,2001.937,TimeoutError
1779547157077,0,0,2003.842,TimeoutError
1779547157078,0,0,2002.698,TimeoutError
1779547157079,0,0,2001.806,TimeoutError
1779547157079,0,0,2004.458,TimeoutError
1779547157079,0,0,2003.727,TimeoutError
1779547157080,0,0,2002.890,TimeoutError
1779547159070,0,0,2003.596,TimeoutError
1779547159071,0,0,2003.762,TimeoutError
1779547159072,0,0,2004.015,TimeoutError
1779547159073,0,0,2002.484,TimeoutError
1779547159074,0,0,2001.733,TimeoutError
1779547159074,0,0,2003.464,TimeoutError
1779547159075,0,0,2001.432,TimeoutError
1779547159077,0,0,2002.579,TimeoutError
1779547159078,0,0,2001.024,TimeoutError
1779547159079,0,0,2002.295,TimeoutError
1779547159081,0,0,2003.512,TimeoutError
1779547159082,0,0,2003.566,TimeoutError
1779547159083,0,0,2003.122,TimeoutError
1779547159083,0,0,2002.860,TimeoutError
1779547159084,0,0,2004.951,TimeoutError
1779547159084,0,0,2004.956,TimeoutError
1779547159085,1,200,4.484,
1779547161075,0,0,2004.198,TimeoutError
1779547161075,0,0,2003.955,TimeoutError
1779547161076,0,0,2004.032,TimeoutError
1779547161077,0,0,2003.833,TimeoutError
1779547161078,0,0,2003.528,TimeoutError
1779547161078,0,0,2003.668,TimeoutError
1779547161079,0,0,2005.172,TimeoutError
1779547161080,0,0,2002.461,TimeoutError
1779547161081,0,0,2002.436,TimeoutError
1779547161082,0,0,2003.086,TimeoutError
1779547161082,0,0,2000.833,TimeoutError
1779547161086,0,0,2002.634,TimeoutError
1779547161086,0,0,2003.335,TimeoutError
1779547161087,0,0,2003.001,TimeoutError
1779547161087,0,0,2002.994,TimeoutError
1779547161087,0,0,2002.328,TimeoutError
1779547163078,0,0,2003.272,TimeoutError
1779547163079,0,0,2003.475,TimeoutError
1779547163079,0,0,2001.988,TimeoutError
1779547163080,0,0,2003.964,TimeoutError
1779547163080,0,0,2002.605,TimeoutError
1779547163081,0,0,2002.476,TimeoutError
1779547163082,0,0,2002.879,TimeoutError
1779547163082,0,0,2002.454,TimeoutError
1779547163083,0,0,2001.133,TimeoutError
1779547163083,0,0,2001.861,TimeoutError
1779547163085,0,0,2002.405,TimeoutError
1779547163088,0,0,2002.698,TimeoutError
1779547163089,0,0,2002.711,TimeoutError
1779547163090,0,0,2002.192,TimeoutError
1779547163090,0,0,2003.409,TimeoutError
1779547163090,0,0,2003.414,TimeoutError
1779547163093,1,200,3.312,
1779547164089,1,200,1006.207,
1779547164121,1,200,1027.664,
1779547164122,1,200,1030.959,
1779547165081,0,0,2002.783,TimeoutError
1779547165083,0,0,2003.701,TimeoutError
1779547165084,0,0,2002.608,TimeoutError
1779547165084,0,0,2005.559,TimeoutError
1779547165085,0,0,2005.270,TimeoutError
1779547165086,1,200,4.723,
1779547165086,0,0,2004.246,TimeoutError
1779547165087,0,0,2003.319,TimeoutError
1779547165087,0,0,2004.725,TimeoutError
1779547165087,0,0,2002.495,TimeoutError
1779547165088,0,0,2007.325,TimeoutError
1779547165090,1,200,3.039,
1779547165091,0,0,2001.842,TimeoutError
1779547165091,0,0,2002.796,TimeoutError
1779547165092,1,200,2.458,
1779547165093,0,0,2003.627,TimeoutError
1779547165094,1,200,3.078,
1779547165095,1,200,3.944,
1779547166092,0,0,2002.636,TimeoutError
1779547166124,0,0,2003.081,TimeoutError
1779547166125,0,0,2003.254,TimeoutError
1779547166128,1,200,3.605,
1779547166129,1,200,4.402,
1779547166131,1,200,2.958,
1779547167087,0,0,2002.878,TimeoutError
1779547167088,0,0,2004.731,TimeoutError
1779547167089,0,0,2005.052,TimeoutError
1779547167089,0,0,2001.225,TimeoutError
1779547167090,0,0,2003.786,TimeoutError
1779547167090,0,0,2003.910,TimeoutError
1779547167091,0,0,2005.411,TimeoutError
1779547167091,0,0,2003.860,TimeoutError
1779547167091,0,0,2003.972,TimeoutError
1779547167093,1,200,3.609,
1779547167094,1,200,2.741,
1779547167095,0,0,2002.442,TimeoutError
1779547167095,0,0,2001.538,TimeoutError
1779547167096,0,0,2002.035,TimeoutError
1779547167097,1,200,2.913,
1779547167098,0,0,2002.607,TimeoutError
1779547168095,0,0,2002.668,TimeoutError
1779547168131,0,0,2001.854,TimeoutError
1779547168132,0,0,2000.909,TimeoutError
1779547169091,0,0,2000.956,TimeoutError
1779547169091,0,0,2003.730,TimeoutError
1779547169092,0,0,2003.746,TimeoutError
1779547169093,0,0,2003.904,TimeoutError
1779547169093,0,0,2002.894,TimeoutError
1779547169094,0,0,2003.435,TimeoutError
1779547169094,0,0,2001.815,TimeoutError
1779547169095,0,0,2003.328,TimeoutError
1779547169096,0,0,2000.927,TimeoutError
1779547169097,0,0,2001.749,TimeoutError
1779547169098,0,0,2001.669,TimeoutError
1779547169098,0,0,2001.677,TimeoutError
1779547169100,1,200,2.803,
1779547169100,0,0,2002.525,TimeoutError
1779547169101,1,200,2.701,
1779547170097,0,0,2002.169,TimeoutError
1779547170132,0,0,2001.125,TimeoutError
1779547170134,0,0,2001.957,TimeoutError
1779547171094,0,0,2002.990,TimeoutError
1779547171095,0,0,2004.306,TimeoutError
1779547171095,0,0,2003.660,TimeoutError
1779547171096,0,0,2001.667,TimeoutError
1779547171097,0,0,2003.905,TimeoutError
1779547171097,0,0,2004.239,TimeoutError
1779547171098,0,0,2003.472,TimeoutError
1779547171099,0,0,2001.159,TimeoutError
1779547171099,0,0,2004.975,TimeoutError
1779547171099,1,200,5.054,
1779547171100,0,0,2004.122,TimeoutError
1779547171101,1,200,5.193,
1779547171102,0,0,2002.555,TimeoutError
1779547171102,0,0,2001.996,TimeoutError
1779547171104,0,0,2002.457,TimeoutError
1779547171105,1,200,2.488,
1779547171106,1,200,2.170,
1779547172099,0,0,2002.619,TimeoutError
1779547172133,0,0,2001.260,TimeoutError
1779547172137,0,0,2002.503,TimeoutError
1779547173098,0,0,2002.791,TimeoutError
1779547173099,0,0,2002.874,TimeoutError
1779547173100,0,0,2003.075,TimeoutError
1779547173101,0,0,2002.526,TimeoutError
1779547173101,0,0,2004.807,TimeoutError
1779547173102,0,0,2002.983,TimeoutError
1779547173103,0,0,2003.080,TimeoutError
1779547173103,0,0,2003.106,TimeoutError
1779547173103,0,0,2004.146,TimeoutError
1779547173104,0,0,2003.187,TimeoutError
1779547173105,0,0,2002.506,TimeoutError
1779547173107,1,200,4.220,
1779547173108,0,0,2001.724,TimeoutError
1779547173108,1,200,5.209,
1779547173109,0,0,2003.862,TimeoutError
1779547174102,0,0,2002.211,TimeoutError
1779547174105,1,200,3.183,
1779547174107,1,200,2.307,
1779547174136,0,0,2002.576,TimeoutError
1779547174139,1,200,2.668,
1779547174140,0,0,2002.642,TimeoutError
1779547175101,0,0,2002.762,TimeoutError
1779547175101,0,0,2000.756,TimeoutError
1779547175102,0,0,2002.550,TimeoutError
1779547175103,0,0,2000.794,TimeoutError
1779547175104,0,0,2003.045,TimeoutError
1779547175105,0,0,2003.047,TimeoutError
1779547175106,0,0,2002.564,TimeoutError
1779547175106,0,0,2001.358,TimeoutError
1779547175107,1,200,3.267,
1779547175108,0,0,2003.687,TimeoutError
1779547175110,1,200,3.404,
1779547175110,1,200,2.814,
1779547175111,0,0,2004.039,TimeoutError
1779547175112,1,200,4.156,
1779547175112,0,0,2004.634,TimeoutError
1779547175113,0,0,2004.175,TimeoutError
1779547175113,0,0,2005.218,TimeoutError
1779547176110,0,0,2002.566,TimeoutError
1779547176141,0,0,2002.456,TimeoutError
1779547176142,0,0,2002.483,TimeoutError
1779547176145,1,200,2.854,
1779547177103,0,0,2002.680,TimeoutError
1779547177104,0,0,2001.331,TimeoutError
1779547177105,0,0,2003.337,TimeoutError
1779547177105,0,0,2003.384,TimeoutError
1779547177107,1,200,2.678,
1779547177108,0,0,2003.407,TimeoutError
1779547177108,1,200,3.566,
1779547177109,0,0,2002.840,TimeoutError
1779547177110,1,200,2.933,
1779547177112,1,200,2.177,
1779547177114,0,0,2003.770,TimeoutError
1779547177114,0,0,2003.743,TimeoutError
1779547177114,0,0,2003.416,TimeoutError
1779547177115,0,0,2001.344,TimeoutError
1779547177115,0,0,2002.541,TimeoutError
1779547177116,0,0,2003.768,TimeoutError
1779547177116,0,0,2003.888,TimeoutError
1779547177118,1,200,2.751,
1779547177118,1,200,2.717,
1779547177121,1,200,2.975,
1779547177121,1,200,2.893,
1779547178113,0,0,2003.039,TimeoutError
1779547178144,0,0,2002.599,TimeoutError
1779547178148,0,0,2002.478,TimeoutError
1779547179106,0,0,2002.608,TimeoutError
1779547179107,0,0,2001.357,TimeoutError
1779547179110,1,200,3.554,
1779547179110,0,0,2001.514,TimeoutError
1779547179111,0,0,2002.328,TimeoutError
1779547179112,0,0,2003.612,TimeoutError
1779547179113,1,200,2.489,
1779547179114,0,0,2000.767,TimeoutError
1779547179115,0,0,2003.007,TimeoutError
1779547179116,1,200,2.631,
1779547179116,0,0,2001.514,TimeoutError
1779547179117,0,0,2002.897,TimeoutError
1779547179118,0,0,2003.292,TimeoutError
1779547179119,1,200,2.665,
1779547179119,0,0,2002.486,TimeoutError
1779547179122,0,0,2001.210,TimeoutError
1779547179123,0,0,2001.235,TimeoutError
1779547179125,1,200,2.706,
1779547179128,1,200,2.367,
1779547180116,0,0,2002.680,TimeoutError
1779547180147,0,0,2002.645,TimeoutError
1779547180148,0,0,2000.645,TimeoutError
1779547180151,1,200,2.522,
1779547181109,0,0,2002.611,TimeoutError
1779547181112,0,0,2002.464,TimeoutError
1779547181113,0,0,2002.633,TimeoutError
1779547181114,0,0,2002.629,TimeoutError
1779547181116,1,200,2.710,
1779547181117,1,200,2.530,
1779547181118,0,0,2003.380,TimeoutError
1779547181118,0,0,2003.356,TimeoutError
1779547181119,0,0,2002.371,TimeoutError
1779547181119,0,0,2002.453,TimeoutError
1779547181120,0,0,2001.228,TimeoutError
1779547181121,1,200,2.292,
1779547181121,0,0,2003.370,TimeoutError
1779547181122,0,0,2002.934,TimeoutError
1779547181123,1,200,2.548,
1779547181125,1,200,1.991,
1779547181126,0,0,2002.955,TimeoutError
1779547181130,0,0,2002.075,TimeoutError
1779547182119,0,0,2002.642,TimeoutError
1779547182122,1,200,3.630,
1779547182149,0,0,2002.619,TimeoutError
1779547182152,1,200,3.083,
1779547182153,0,0,2002.370,TimeoutError
1779547182156,1,200,2.775,
1779547183112,0,0,2002.612,TimeoutError
1779547183114,0,0,2002.135,TimeoutError
1779547183117,1,200,2.929,
1779547183118,0,0,2002.337,TimeoutError
1779547183119,0,0,2001.609,TimeoutError
1779547183121,0,0,2002.877,TimeoutError
1779547183121,0,0,2002.583,TimeoutError
1779547183122,0,0,2002.469,TimeoutError
1779547183123,0,0,2001.398,TimeoutError
1779547183123,0,0,2002.756,TimeoutError
1779547183123,0,0,2001.721,TimeoutError
1779547183126,1,200,2.746,
1779547183127,0,0,2001.198,TimeoutError
1779547183128,0,0,2002.467,TimeoutError
1779547183129,1,200,2.910,
1779547183131,1,200,2.552,
1779547183131,0,0,2001.382,TimeoutError
1779547183134,1,200,3.159,
1779547183134,1,200,3.108,
1779547184124,0,0,2002.082,TimeoutError
1779547184155,0,0,2002.514,TimeoutError
1779547184159,0,0,2002.279,TimeoutError
1779547185115,0,0,2002.683,TimeoutError
1779547185120,0,0,2002.525,TimeoutError
1779547185120,0,0,2001.747,TimeoutError
1779547185121,0,0,2002.617,TimeoutError
1779547185123,1,200,2.931,
1779547185125,0,0,2003.765,TimeoutError
1779547185126,0,0,2003.694,TimeoutError
1779547185126,1,200,2.634,
1779547185127,0,0,2005.195,TimeoutError
1779547185127,0,0,2004.470,TimeoutError
1779547185127,0,0,2004.533,TimeoutError
1779547185129,1,200,3.547,
1779547185130,0,0,2002.941,TimeoutError
1779547185131,0,0,2001.534,TimeoutError
1779547185133,1,200,3.363,
1779547185133,1,200,3.292,
1779547185137,0,0,2002.859,TimeoutError
1779547185137,0,0,2002.824,TimeoutError
1779547186127,0,0,2002.681,TimeoutError
1779547186158,0,0,2002.684,TimeoutError
1779547186161,0,0,2002.508,TimeoutError
1779547186164,1,200,2.768,
1779547187116,0,0,2001.397,TimeoutError
1779547187120,1,200,3.565,
1779547187122,0,0,2000.797,TimeoutError
1779547187123,1,200,2.635,
1779547187123,0,0,2002.964,TimeoutError
1779547187129,0,0,2003.891,TimeoutError
1779547187130,0,0,2003.472,TimeoutError
1779547187130,0,0,2003.403,TimeoutError
1779547187130,0,0,2003.358,TimeoutError
1779547187131,0,0,2003.369,TimeoutError
1779547187133,0,0,2002.596,TimeoutError
1779547187134,0,0,2001.348,TimeoutError
1779547187136,0,0,2002.843,TimeoutError
1779547187139,0,0,2001.300,TimeoutError
1779547187140,0,0,2002.607,TimeoutError
1779547187142,1,200,2.921,
1779547187144,1,200,2.563,
1779547188130,0,0,2002.652,TimeoutError
1779547188133,1,200,2.644,
1779547188135,1,200,2.288,
1779547188159,0,0,2001.166,TimeoutError
1779547188165,0,0,2001.238,TimeoutError
1779547189124,0,0,2001.852,TimeoutError
1779547189125,0,0,2002.006,TimeoutError
1779547189126,0,0,2002.891,TimeoutError
1779547189130,0,0,2000.857,TimeoutError
1779547189131,0,0,2001.330,TimeoutError
1779547189132,0,0,2002.941,TimeoutError
1779547189133,0,0,2002.829,TimeoutError
1779547189134,0,0,2002.847,TimeoutError
1779547189136,0,0,2002.480,TimeoutError
1779547189137,0,0,2002.393,TimeoutError
1779547189138,0,0,2002.510,TimeoutError
1779547189140,1,200,2.946,
1779547189141,1,200,2.864,
1779547189142,0,0,2002.553,TimeoutError
1779547189145,1,200,2.405,
1779547189147,0,0,2002.606,TimeoutError
1779547189147,1,200,2.439,
1779547190138,0,0,2002.568,TimeoutError
1779547190140,1,200,2.600,
1779547190143,1,200,2.274,
1779547190145,1,200,2.493,
1779547190148,1,200,2.472,
1779547190162,0,0,2002.542,TimeoutError
1779547190167,0,0,2001.263,TimeoutError
1779547191126,0,0,2002.710,TimeoutError
1779547191127,0,0,2001.446,TimeoutError
1779547191128,0,0,2002.675,TimeoutError
1779547191133,0,0,2002.498,TimeoutError
1779547191133,0,0,2001.578,TimeoutError
1779547191134,0,0,2002.536,TimeoutError
1779547191135,0,0,2001.103,TimeoutError
1779547191136,0,0,2001.709,TimeoutError
1779547191138,0,0,2002.545,TimeoutError
1779547191142,0,0,2002.514,TimeoutError
1779547191143,0,0,2001.525,TimeoutError
1779547191148,0,0,2000.628,TimeoutError
1779547191150,0,0,2002.789,TimeoutError
1779547192150,0,0,2002.469,TimeoutError
1779547192164,0,0,2002.701,TimeoutError
1779547192168,0,0,2001.544,TimeoutError
